lineage,start_amp_conc_mgL,end_amp_conc_mgL,generations,mic_after_cycling_mgL
LL-37 1,12.5,63.3,511,75
LL-37 2,12.5,63.3,511,75- >75
LL-37 3,12.5,42.2,490,ND
LL-37 4,12.5,42.2,504,ND
LL-37 5,12.5,63.3,553,75->75
LL-37 6,12.5,63.3,518,75
CNY100HL 1,10,33.8,476,10
CNY100HL 2,10,22.5,462,ND
CNY100HL 3,10,33.8,532,10-20
CNY100HL 4,10,33.8,469,10-30
CNY100HL 5,10,22.5,413,ND
CNY100HL 6,10,22.5,441,ND
WGH 1,20,200,567,>300
WGH 2,20,200,560,>300
WGH 3,20,200,553,>300
WGH 4,20,200,560,>300
WGH 5,20,200,553,>300
WGH 6,20,200,560,>300
