strain,genotype,origin
DA6079,"Salmonella typhimurium LT2, cobI344::Tn10dChl",Lab collection
DA6192,S. typhimurium LT2,"Lab collection, wild type"
DA15110,galK::yfp-bla,22
DA15111,galK::cfp-bla,22
DA16874,"cobI344::Tn10dChl, mutL(delbp201-206, aa 68-69), pmrB(H164R), waaY(H152Y),>60 additional mutations","This work, original LL-37 resistant isolate 1, mutator"
DA16875,"cobI344::Tn10dChl, pmrB(R13H), waaY(del bp17&#8594;FS) 3912438","This work, original CNY100HL resistant isolate 1"
DA17610,"cobI344::Tn10dChl, phoP(D23N) ffh(L218Q)","This work, original CNY100HL resistant isolate 1"
DA17847,"cobI344::Tn10dChl, waaYZ(del bp306-196 nt into waaZ) 3911421-3912154), ytfN(L1251F)","This work, original LL-37 resistant isolate 2"
DA22427,"waaY(del bp17&#8594;FS), tdh(scar)","This work, reconstituted single"
DA22431,tdh (scar),"This work, reconstituted control"
DA23040,"mutL(delbp201-206, aa 68-69) (del bp 4600685-4600690), 4597041::Kan","This work, reconstituted single"
DA23042,4597041::Kan,"This work, reconstituted control"
DA23175,"pmrB(R13H), adi(scar)","This work, reconstituted single"
DA23177,adi(scar),"This work, reconstituted control"
DA23179,"waaY(del bp17&#8594;FS), pmrB(R13H), tdh(scar), adi(scar)","This work, reconstituted double"
DA23299,"tdh(scar), adi(scar)","This work, reconstituted control"
DA23301,"waaY(del bp17&#8594;FS), phoP(D23N), tdh(scar), 1327454(scar)","This work, reconstituted double"
DA23305,"tdh(scar), 1327454(scar)","This work, reconstituted control"
DA23307,"phoP(D23N), 1327454(scar)","This work, reconstituted single"
DA23309,1327454(scar),"This work, reconstituted control"
DA23899,"waaY(del bp17&#8594;FS), pmrB(R13H), phoP(D23N), tdh(scar), adi(scar), 1327454(scar)","This work, reconstituted triple"
DA23902,"tdh(scar), adi(scar), 1327454(scar)","This work, reconstituted control"
DA24144,"adi(scar), 1327454(scar)","This work, reconstituted control"
DA24301,"pmrB(R13H), phoP(D23N), adi(scar), 1327454(scar)","This work, reconstituted double"
DA23410,"tdh (scar), galK::yfp-bla","This work, for competition assay"
DA23414,"adi(scar), galK::yfp-bla","This work, for competition assay"
DA23418,"tdh(scar), adi(scar), galK::yfp-bla","This work, for competition assay"
DA23423,"tdh(scar), 1327454(scar), galK::yfp-bla","This work, for competition assay"
DA23426,"1327454(scar), galK::yfp-bla","This work, for competition assay"
DA24148,"waaY (del bp17&#8594;FS), tdh (scar), galK::cfp-bla","This work, for competition assay"
DA24152,"pmrB(R13H), adi(scar), galK::cfp-bla","This work, for competition assay"
DA24156,"waaY (del bp17&#8594;FS), pmrB(R13H), tdh(scar), adi(scar), galK::cfp-bla","This work, for competition assay"
DA24161,"waaY (del bp17&#8594;FS), phoP(D23N), tdh(scar), 1327454(scar), galK::cfp-bla","This work, for competition assay"
DA24164,"phoP(D23N), 1327454(scar), galK::cfp-bla","This work, for competition assay"
DA24577,"waaY (del bp17&#8594;FS), pmrB(R13H), phoP(D23N), tdh(scar), adi(scar), 1327454(scar), galK::cfp-bla","This work, for competition assay"
DA24583,"pmrB(R13H), phoP(D23N), tdh(scar), 1327454(scar), galK::cfp-bla","This work, for competition assay"
DA24593,"tdh(scar), adi(scar), 1327454(scar), galK::yfp-bla","This work, for competition assay"
DA24603,"adi(scar), 1327454(scar), galK::yfp-bla","This work, for competition assay"
pSIM5-Tet,Temperature-controlled &#955;-red system,Lab Collection
