strain,CR,FEP,MEM,CST,MEC,TGC,NAL
DA6192 (S. typhimurium wild type),0.25,0.19,0.023,0.25,0.125,0.094,4
DA16875 (WGH resistant isolate 1),0.25,0.25,0.023,0.19,0.125,0.064,1.5
DA17847 (LL-37 resistant isolate 2),0.094,0.047,0.023,0.38,0.094,0.064,2
DA16874 (LL-37 resistant isolate 1),0.19,0.047,0.032,0.19,0.19,0.064,2
DA17610 (CNY100HLresistant isolate 1),0.19,0.064,0.032,0.25,0.125,0.064,4
DA22427 (waaY [FS] reconstituted),0.25,0.125,0.023,0.25,0.064,0.064,3
DA23175 (pmrB [R13H] reconstituted),0.25,0.125,0.032,0.25,0.094,0.094,4
DA23307 (phoP [D23N] reconstituted),0.38,0.25,0.032,0.19,0.125,0.125,4
"DA23899 (waaY, pmrB, phoP reconstituted)",0.25,0.19,0.047,0.5,0.125,0.094,2
